Date;Package Name;Acquisition Channel;Store Listing Visitors;Installers;Visitor-to-Installer conversion rate;Installers retained for 1 day;Installer-to-1 day retention rate;Installers retained for 7 days;Installer-to-7 days retention rate;Installers retained for 15 days;Installer-to-15 days retention rate;Installers retained for 30 days;Installer-to-30 days retention rate
01/08/2019;B4 Bank;Organic;1628;414;0.254;359;0.867;344;0.831;335;0.809;330;0.797
01/08/2019;B4 Bank;Third-party referrers;514;46;0.089;38;0.826;35;0.761;32;0.696;30;0.652
01/08/2019;B4 Bank;Other;113;23;0.204;17;0.739;17;0.739;14;0.609;13;0.565
02/08/2019;B4 Bank;Organic;1610;407;0.253;354;0.870;338;0.830;330;0.811;322;0.791
02/08/2019;B4 Bank;Tracked channels (UTM);55;10;0.182;10;1.000;10;1.000;9;0.900;8;0.800
02/08/2019;B4 Bank;Third-party referrers;368;48;0.130;40;0.833;32;0.667;32;0.667;32;0.667
02/08/2019;B4 Bank;Other;85;20;0.235;20;1.000;20;1.000;20;1.000;19;0.950
03/08/2019;B4 Bank;Organic;1725;401;0.232;360;0.898;348;0.868;348;0.868;340;0.848
03/08/2019;B4 Bank;Tracked channels (UTM);51;15;0.294;10;0.667;9;0.600;7;0.467;6;0.400
03/08/2019;B4 Bank;Third-party referrers;398;50;0.126;40;0.800;37;0.740;37;0.740;36;0.720
03/08/2019;B4 Bank;Other;79;14;0.177;14;1.000;14;1.000;14;1.000;14;1.000
04/08/2019;B4 Bank;Organic;1579;410;0.260;365;0.890;350;0.854;341;0.832;330;0.805
04/08/2019;B4 Bank;Tracked channels (UTM);52;15;0.288;9;0.600;7;0.467;7;0.467;7;0.467
04/08/2019;B4 Bank;Third-party referrers;309;44;0.142;37;0.841;34;0.773;34;0.773;33;0.750
04/08/2019;B4 Bank;Other;71;15;0.211;15;1.000;15;1.000;15;1.000;14;0.933
05/08/2019;B4 Bank;Organic;1488;374;0.251;334;0.893;323;0.864;317;0.848;303;0.810
05/08/2019;B4 Bank;Third-party referrers;418;44;0.105;39;0.886;37;0.841;36;0.818;31;0.705
05/08/2019;B4 Bank;Other;105;33;0.314;21;0.636;21;0.636;21;0.636;19;0.576
06/08/2019;B4 Bank;Organic;1020;244;0.239;217;0.889;200;0.820;193;0.791;188;0.770
06/08/2019;B4 Bank;Third-party referrers;191;35;0.183;28;0.800;27;0.771;26;0.743;25;0.714
06/08/2019;B4 Bank;Other;74;17;0.230;11;0.647;11;0.647;10;0.588;10;0.588
07/08/2019;B4 Bank;Organic;757;171;0.226;142;0.830;138;0.807;132;0.772;127;0.743
07/08/2019;B4 Bank;Third-party referrers;124;18;0.145;12;0.667;10;0.556;10;0.556;9;0.500
07/08/2019;B4 Bank;Other;61;12;0.197;10;0.833;9;0.750;8;0.667;8;0.667
08/08/2019;B4 Bank;Organic;1310;362;0.276;314;0.867;303;0.837;296;0.818;289;0.798
08/08/2019;B4 Bank;Tracked channels (UTM);52;14;0.269;12;0.857;9;0.643;7;0.500;6;0.429
08/08/2019;B4 Bank;Third-party referrers;450;65;0.144;52;0.800;46;0.708;44;0.677;42;0.646
08/08/2019;B4 Bank;Other;57;15;0.263;14;0.933;14;0.933;14;0.933;14;0.933
09/08/2019;B4 Bank;Organic;1017;237;0.233;211;0.890;201;0.848;199;0.840;194;0.819
09/08/2019;B4 Bank;Tracked channels (UTM);58;13;0.224;8;0.615;6;0.462;6;0.462;6;0.462
09/08/2019;B4 Bank;Third-party referrers;329;33;0.100;22;0.667;19;0.576;19;0.576;19;0.576
09/08/2019;B4 Bank;Other;68;13;0.191;13;1.000;13;1.000;12;0.923;11;0.846
10/08/2019;B4 Bank;Organic;1345;340;0.253;309;0.909;293;0.862;289;0.850;280;0.824
10/08/2019;B4 Bank;Third-party referrers;391;49;0.125;41;0.837;33;0.673;31;0.633;29;0.592
10/08/2019;B4 Bank;Other;92;18;0.196;15;0.833;14;0.778;14;0.778;13;0.722
11/08/2019;B4 Bank;Organic;1428;403;0.282;363;0.901;339;0.841;335;0.831;327;0.811
11/08/2019;B4 Bank;Tracked channels (UTM);62;15;0.242;11;0.733;10;0.667;10;0.667;10;0.667
11/08/2019;B4 Bank;Third-party referrers;407;51;0.125;42;0.824;37;0.725;36;0.706;34;0.667
12/08/2019;B4 Bank;Organic;1204;344;0.286;306;0.890;300;0.872;294;0.855;289;0.840
12/08/2019;B4 Bank;Third-party referrers;353;36;0.102;27;0.750;26;0.722;23;0.639;21;0.583
12/08/2019;B4 Bank;Other;108;27;0.250;24;0.889;24;0.889;23;0.852;20;0.741
13/08/2019;B4 Bank;Organic;825;185;0.224;162;0.876;150;0.811;146;0.789;141;0.762
13/08/2019;B4 Bank;Third-party referrers;160;18;0.113;17;0.944;15;0.833;15;0.833;14;0.778
13/08/2019;B4 Bank;Other;59;16;0.271;15;0.938;15;0.938;15;0.938;15;0.938
14/08/2019;B4 Bank;Organic;785;155;0.197;131;0.845;124;0.800;117;0.755;113;0.729
14/08/2019;B4 Bank;Third-party referrers;172;21;0.122;14;0.667;13;0.619;10;0.476;10;0.476
14/08/2019;B4 Bank;Other;52;10;0.192;6;0.600;5;0.500;5;0.500;5;0.500
15/08/2019;B4 Bank;Organic;1323;327;0.247;298;0.911;279;0.853;272;0.832;266;0.813
15/08/2019;B4 Bank;Third-party referrers;416;44;0.106;34;0.773;33;0.750;32;0.727;29;0.659
15/08/2019;B4 Bank;Other;97;26;0.268;23;0.885;21;0.808;20;0.769;19;0.731
16/08/2019;B4 Bank;Organic;1265;316;0.250;281;0.889;271;0.858;266;0.842;261;0.826
16/08/2019;B4 Bank;Tracked channels (UTM);51;12;0.235;11;0.917;10;0.833;10;0.833;10;0.833
16/08/2019;B4 Bank;Third-party referrers;353;57;0.161;46;0.807;42;0.737;41;0.719;38;0.667
16/08/2019;B4 Bank;Other;54;11;0.204;9;0.818;9;0.818;9;0.818;8;0.727
17/08/2019;B4 Bank;Organic;1180;314;0.266;269;0.857;254;0.809;250;0.796;245;0.780
17/08/2019;B4 Bank;Third-party referrers;360;52;0.144;43;0.827;36;0.692;33;0.635;29;0.558
17/08/2019;B4 Bank;Other;83;19;0.229;18;0.947;16;0.842;16;0.842;15;0.789
18/08/2019;B4 Bank;Organic;1236;312;0.252;281;0.901;272;0.872;266;0.853;257;0.824
18/08/2019;B4 Bank;Third-party referrers;279;37;0.133;30;0.811;28;0.757;27;0.730;25;0.676
18/08/2019;B4 Bank;Other;104;29;0.279;25;0.862;24;0.828;24;0.828;21;0.724
19/08/2019;B4 Bank;Organic;1216;305;0.251;269;0.882;259;0.849;251;0.823;241;0.790
19/08/2019;B4 Bank;Tracked channels (UTM);222;7;0.032;5;0.714;3;0.429;3;0.429;3;0.429
19/08/2019;B4 Bank;Third-party referrers;277;28;0.101;27;0.964;24;0.857;21;0.750;18;0.643
19/08/2019;B4 Bank;Other;55;14;0.255;12;0.857;12;0.857;12;0.857;12;0.857
20/08/2019;B4 Bank;Organic;914;158;0.173;137;0.867;133;0.842;128;0.810;122;0.772
20/08/2019;B4 Bank;Tracked channels (UTM);414;4;0.010;3;0.750;3;0.750;2;0.500;2;0.500
20/08/2019;B4 Bank;Third-party referrers;157;28;0.178;21;0.750;20;0.714;20;0.714;20;0.714
21/08/2019;B4 Bank;Organic;849;133;0.157;115;0.865;110;0.827;107;0.805;104;0.782
21/08/2019;B4 Bank;Tracked channels (UTM);399;6;0.015;4;0.667;4;0.667;3;0.500;2;0.333
21/08/2019;B4 Bank;Third-party referrers;147;24;0.163;20;0.833;20;0.833;20;0.833;18;0.750
22/08/2019;B4 Bank;Organic;1495;311;0.208;278;0.894;269;0.865;266;0.855;260;0.836
22/08/2019;B4 Bank;Tracked channels (UTM);386;15;0.039;13;0.867;12;0.800;11;0.733;11;0.733
22/08/2019;B4 Bank;Third-party referrers;313;37;0.118;32;0.865;29;0.784;28;0.757;27;0.730
22/08/2019;B4 Bank;Other;76;21;0.276;21;1.000;19;0.905;19;0.905;19;0.905
23/08/2019;B4 Bank;Organic;1548;317;0.205;279;0.880;269;0.849;260;0.820;256;0.808
23/08/2019;B4 Bank;Tracked channels (UTM);412;9;0.022;6;0.667;5;0.556;5;0.556;2;0.222
23/08/2019;B4 Bank;Third-party referrers;285;41;0.144;34;0.829;29;0.707;28;0.683;28;0.683
23/08/2019;B4 Bank;Other;51;11;0.216;11;1.000;11;1.000;11;1.000;11;1.000
24/08/2019;B4 Bank;Organic;1417;282;0.199;248;0.879;235;0.833;232;0.823;226;0.801
24/08/2019;B4 Bank;Tracked channels (UTM);348;11;0.032;10;0.909;10;0.909;9;0.818;9;0.818
24/08/2019;B4 Bank;Third-party referrers;264;38;0.144;29;0.763;27;0.711;26;0.684;24;0.632
24/08/2019;B4 Bank;Other;51;15;0.294;14;0.933;14;0.933;14;0.933;14;0.933
25/08/2019;B4 Bank;Organic;2153;336;0.156;296;0.881;289;0.860;277;0.824;268;0.798
25/08/2019;B4 Bank;Other;65;11;0.169;11;1.000;10;0.909;10;0.909;10;0.909
26/08/2019;B4 Bank;Organic;2098;345;0.164;299;0.867;290;0.841;283;0.820;279;0.809
26/08/2019;B4 Bank;Other;80;18;0.225;17;0.944;16;0.889;16;0.889;16;0.889
27/08/2019;B4 Bank;Organic;1829;193;0.106;168;0.870;153;0.793;145;0.751;139;0.720
27/08/2019;B4 Bank;Other;63;9;0.143;8;0.889;7;0.778;7;0.778;7;0.778
28/08/2019;B4 Bank;Organic;1934;189;0.098;159;0.841;151;0.799;146;0.772;142;0.751
28/08/2019;B4 Bank;Other;61;10;0.164;10;1.000;10;1.000;10;1.000;7;0.700
29/08/2019;B4 Bank;Organic;2349;362;0.154;318;0.878;304;0.840;296;0.818;291;0.804
29/08/2019;B4 Bank;Other;74;14;0.189;12;0.857;9;0.643;9;0.643;9;0.643
30/08/2019;B4 Bank;Organic;2360;371;0.157;311;0.838;296;0.798;290;0.782;279;0.752
30/08/2019;B4 Bank;Other;81;21;0.259;21;1.000;19;0.905;18;0.857;18;0.857
31/08/2019;B4 Bank;Organic;2293;369;0.161;322;0.873;302;0.818;292;0.791;281;0.762
31/08/2019;B4 Bank;Other;65;13;0.200;10;0.769;10;0.769;10;0.769;9;0.692
01/09/2019;B4 Bank;Organic;2198;453;0.206;411;0.907;397;0.876;388;0.857;371;0.819
01/09/2019;B4 Bank;Other;99;23;0.232;23;1.000;20;0.870;18;0.783;17;0.739
02/09/2019;B4 Bank;Organic;1982;387;0.195;341;0.881;317;0.819;308;0.796;298;0.770
02/09/2019;B4 Bank;Other;100;23;0.230;23;1.000;21;0.913;21;0.913;15;0.652
03/09/2019;B4 Bank;Organic;1515;266;0.176;221;0.831;206;0.774;197;0.741;193;0.726
03/09/2019;B4 Bank;Other;65;12;0.185;12;1.000;11;0.917;11;0.917;9;0.750
04/09/2019;B4 Bank;Organic;1372;226;0.165;202;0.894;189;0.836;183;0.810;181;0.801
04/09/2019;B4 Bank;Other;55;16;0.291;14;0.875;14;0.875;14;0.875;14;0.875
05/09/2019;B4 Bank;Organic;2533;508;0.201;439;0.864;423;0.833;412;0.811;400;0.787
05/09/2019;B4 Bank;Other;107;27;0.252;21;0.778;21;0.778;20;0.741;20;0.741
06/09/2019;B4 Bank;Organic;2435;463;0.190;404;0.873;390;0.842;377;0.814;363;0.784
06/09/2019;B4 Bank;Other;92;24;0.261;24;1.000;23;0.958;23;0.958;21;0.875
07/09/2019;B4 Bank;Organic;2373;498;0.210;431;0.865;412;0.827;400;0.803;392;0.787
07/09/2019;B4 Bank;Other;88;18;0.205;16;0.889;16;0.889;15;0.833;14;0.778
08/09/2019;B4 Bank;Organic;2250;492;0.219;432;0.878;417;0.848;401;0.815;388;0.789
08/09/2019;B4 Bank;Tracked channels (UTM);116;6;0.052;6;1.000;4;0.667;4;0.667;4;0.667
08/09/2019;B4 Bank;Third-party referrers;123;20;0.163;18;0.900;18;0.900;18;0.900;18;0.900
09/09/2019;B4 Bank;Organic;1525;390;0.256;358;0.918;348;0.892;339;0.869;328;0.841
09/09/2019;B4 Bank;Tracked channels (UTM);375;10;0.027;7;0.700;6;0.600;6;0.600;6;0.600
09/09/2019;B4 Bank;Third-party referrers;398;39;0.098;31;0.795;30;0.769;29;0.744;28;0.718
09/09/2019;B4 Bank;Other;54;11;0.204;11;1.000;10;0.909;9;0.818;9;0.818
10/09/2019;B4 Bank;Organic;1071;219;0.204;193;0.881;182;0.831;180;0.822;174;0.795
10/09/2019;B4 Bank;Tracked channels (UTM);442;8;0.018;7;0.875;7;0.875;7;0.875;7;0.875
10/09/2019;B4 Bank;Third-party referrers;276;33;0.120;30;0.909;25;0.758;25;0.758;22;0.667
11/09/2019;B4 Bank;Organic;1014;219;0.216;202;0.922;196;0.895;188;0.858;183;0.836
11/09/2019;B4 Bank;Tracked channels (UTM);402;6;0.015;3;0.500;3;0.500;3;0.500;3;0.500
11/09/2019;B4 Bank;Third-party referrers;206;23;0.112;16;0.696;15;0.652;13;0.565;13;0.565
12/09/2019;B4 Bank;Organic;1695;447;0.264;396;0.886;383;0.857;375;0.839;363;0.812
12/09/2019;B4 Bank;Tracked channels (UTM);452;17;0.038;11;0.647;9;0.529;9;0.529;8;0.471
12/09/2019;B4 Bank;Third-party referrers;441;47;0.107;39;0.830;35;0.745;33;0.702;27;0.574
12/09/2019;B4 Bank;Other;64;13;0.203;11;0.846;10;0.769;10;0.769;10;0.769
13/09/2019;B4 Bank;Organic;1441;417;0.289;375;0.899;359;0.861;349;0.837;337;0.808
13/09/2019;B4 Bank;Tracked channels (UTM);531;9;0.017;7;0.778;7;0.778;7;0.778;6;0.667
13/09/2019;B4 Bank;Third-party referrers;357;47;0.132;37;0.787;29;0.617;27;0.574;25;0.532
13/09/2019;B4 Bank;Other;73;16;0.219;14;0.875;13;0.813;13;0.813;13;0.813
14/09/2019;B4 Bank;Organic;1591;433;0.272;387;0.894;373;0.861;365;0.843;356;0.822
14/09/2019;B4 Bank;Tracked channels (UTM);532;7;0.013;6;0.857;5;0.714;5;0.714;5;0.714
14/09/2019;B4 Bank;Third-party referrers;375;62;0.165;44;0.710;40;0.645;39;0.629;38;0.613
14/09/2019;B4 Bank;Other;85;14;0.165;11;0.786;10;0.714;10;0.714;10;0.714
15/09/2019;B4 Bank;Organic;1549;394;0.254;354;0.898;336;0.853;329;0.835;316;0.802
15/09/2019;B4 Bank;Tracked channels (UTM);443;4;0.009;4;1.000;4;1.000;4;1.000;3;0.750
15/09/2019;B4 Bank;Third-party referrers;444;40;0.090;31;0.775;26;0.650;22;0.550;19;0.475
15/09/2019;B4 Bank;Other;83;14;0.169;13;0.929;11;0.786;11;0.786;11;0.786
16/09/2019;B4 Bank;Organic;1409;411;0.292;376;0.915;361;0.878;353;0.859;342;0.832
16/09/2019;B4 Bank;Tracked channels (UTM);366;3;0.008;3;1.000;3;1.000;3;1.000;3;1.000
16/09/2019;B4 Bank;Third-party referrers;405;46;0.114;40;0.870;37;0.804;36;0.783;34;0.739
16/09/2019;B4 Bank;Other;64;9;0.141;6;0.667;6;0.667;6;0.667;6;0.667
17/09/2019;B4 Bank;Organic;999;213;0.213;188;0.883;184;0.864;181;0.850;178;0.836
17/09/2019;B4 Bank;Tracked channels (UTM);576;8;0.014;6;0.750;4;0.500;4;0.500;4;0.500
17/09/2019;B4 Bank;Third-party referrers;212;28;0.132;16;0.571;15;0.536;15;0.536;14;0.500
17/09/2019;B4 Bank;Other;64;8;0.125;7;0.875;7;0.875;6;0.750;4;0.500
18/09/2019;B4 Bank;Organic;1055;196;0.186;160;0.816;146;0.745;141;0.719;137;0.699
18/09/2019;B4 Bank;Tracked channels (UTM);596;6;0.010;6;1.000;6;1.000;6;1.000;6;1.000
18/09/2019;B4 Bank;Third-party referrers;192;25;0.130;18;0.720;17;0.680;17;0.680;17;0.680
19/09/2019;B4 Bank;Organic;1596;438;0.274;388;0.886;371;0.847;366;0.836;358;0.817
19/09/2019;B4 Bank;Tracked channels (UTM);475;11;0.023;9;0.818;9;0.818;9;0.818;9;0.818
19/09/2019;B4 Bank;Third-party referrers;405;44;0.109;36;0.818;30;0.682;27;0.614;27;0.614
19/09/2019;B4 Bank;Other;80;21;0.263;18;0.857;17;0.810;17;0.810;17;0.810
20/09/2019;B4 Bank;Organic;1533;440;0.287;394;0.895;377;0.857;366;0.832;359;0.816
20/09/2019;B4 Bank;Tracked channels (UTM);548;11;0.020;8;0.727;7;0.636;6;0.545;6;0.545
20/09/2019;B4 Bank;Third-party referrers;378;42;0.111;35;0.833;28;0.667;26;0.619;25;0.595
20/09/2019;B4 Bank;Other;75;11;0.147;11;1.000;11;1.000;10;0.909;10;0.909
21/09/2019;B4 Bank;Organic;1410;402;0.285;354;0.881;341;0.848;323;0.803;315;0.784
21/09/2019;B4 Bank;Tracked channels (UTM);528;10;0.019;10;1.000;9;0.900;9;0.900;9;0.900
21/09/2019;B4 Bank;Third-party referrers;321;45;0.140;36;0.800;31;0.689;29;0.644;29;0.644
21/09/2019;B4 Bank;Other;54;11;0.204;11;1.000;10;0.909;10;0.909;9;0.818
22/09/2019;B4 Bank;Organic;1489;379;0.255;340;0.897;327;0.863;323;0.852;316;0.834
22/09/2019;B4 Bank;Tracked channels (UTM);557;5;0.009;4;0.800;3;0.600;3;0.600;2;0.400
22/09/2019;B4 Bank;Third-party referrers;310;46;0.148;38;0.826;31;0.674;27;0.587;25;0.543
22/09/2019;B4 Bank;Other;68;10;0.147;10;1.000;9;0.900;9;0.900;9;0.900
23/09/2019;B4 Bank;Organic;1436;386;0.269;348;0.902;335;0.868;329;0.852;320;0.829
23/09/2019;B4 Bank;Tracked channels (UTM);577;9;0.016;6;0.667;6;0.667;6;0.667;6;0.667
23/09/2019;B4 Bank;Third-party referrers;322;47;0.146;43;0.915;36;0.766;31;0.660;31;0.660
23/09/2019;B4 Bank;Other;84;12;0.143;11;0.917;10;0.833;10;0.833;10;0.833
24/09/2019;B4 Bank;Organic;1068;209;0.196;178;0.852;166;0.794;160;0.766;157;0.751
24/09/2019;B4 Bank;Tracked channels (UTM);404;7;0.017;6;0.857;5;0.714;4;0.571;4;0.571
24/09/2019;B4 Bank;Third-party referrers;224;27;0.121;25;0.926;23;0.852;23;0.852;22;0.815
24/09/2019;B4 Bank;Other;62;10;0.161;10;1.000;10;1.000;10;1.000;10;1.000
25/09/2019;B4 Bank;Organic;924;174;0.188;145;0.833;137;0.787;135;0.776;134;0.770
25/09/2019;B4 Bank;Tracked channels (UTM);416;4;0.010;4;1.000;4;1.000;4;1.000;4;1.000
25/09/2019;B4 Bank;Third-party referrers;188;20;0.106;14;0.700;13;0.650;12;0.600;11;0.550
26/09/2019;B4 Bank;Organic;4050;583;0.144;533;0.914;510;0.875;504;0.864;486;0.834
26/09/2019;B4 Bank;Tracked channels (UTM);423;11;0.026;9;0.818;8;0.727;8;0.727;7;0.636
26/09/2019;B4 Bank;Third-party referrers;784;91;0.116;63;0.692;50;0.549;47;0.516;44;0.484
26/09/2019;B4 Bank;Other;60;9;0.150;8;0.889;8;0.889;8;0.889;8;0.889
27/09/2019;B4 Bank;Organic;8292;875;0.106;809;0.925;784;0.896;768;0.878;751;0.858
27/09/2019;B4 Bank;Tracked channels (UTM);696;9;0.013;8;0.889;8;0.889;8;0.889;8;0.889
27/09/2019;B4 Bank;Third-party referrers;2415;199;0.082;142;0.714;118;0.593;108;0.543;92;0.462
27/09/2019;B4 Bank;Other;57;4;0.070;4;1.000;4;1.000;3;0.750;2;0.500
28/09/2019;B4 Bank;Organic;5290;709;0.134;641;0.904;617;0.870;608;0.858;600;0.846
28/09/2019;B4 Bank;Tracked channels (UTM);597;7;0.012;3;0.429;2;0.286;2;0.286;2;0.286
28/09/2019;B4 Bank;Third-party referrers;1454;126;0.087;91;0.722;79;0.627;69;0.548;63;0.500
29/09/2019;B4 Bank;Organic;3966;561;0.141;511;0.911;495;0.882;484;0.863;473;0.843
29/09/2019;B4 Bank;Tracked channels (UTM);788;9;0.011;9;1.000;9;1.000;9;1.000;8;0.889
29/09/2019;B4 Bank;Third-party referrers;1019;108;0.106;72;0.667;64;0.593;60;0.556;57;0.528
29/09/2019;B4 Bank;Other;51;8;0.157;5;0.625;5;0.625;4;0.500;4;0.500
30/09/2019;B4 Bank;Organic;3950;590;0.149;529;0.897;508;0.861;502;0.851;496;0.841
30/09/2019;B4 Bank;Tracked channels (UTM);865;10;0.012;10;1.000;8;0.800;8;0.800;8;0.800
30/09/2019;B4 Bank;Third-party referrers;2803;194;0.069;129;0.665;105;0.541;101;0.521;92;0.474
30/09/2019;B4 Bank;Other;103;12;0.117;12;1.000;12;1.000;12;1.000;12;1.000
31/09/2019;B4 Bank;Organic;1874;275;0.147;249;0.905;242;0.880;234;0.851;229;0.833
31/09/2019;B4 Bank;Tracked channels (UTM);1204;10;0.008;10;1.000;9;0.900;9;0.900;9;0.900
31/09/2019;B4 Bank;Third-party referrers;2000;156;0.078;121;0.776;100;0.641;91;0.583;78;0.500
31/09/2019;B4 Bank;Other;90;12;0.133;11;0.917;10;0.833;10;0.833;10;0.833
01/10/2019;B4 Bank;Organic;1584;236;0.149;219;0.928;212;0.898;207;0.877;202;0.856
01/10/2019;B4 Bank;Tracked channels (UTM);223;9;0.040;6;0.667;6;0.667;6;0.667;6;0.667
01/10/2019;B4 Bank;Third-party referrers;1590;144;0.091;96;0.667;82;0.569;77;0.535;63;0.438
01/10/2019;B4 Bank;Other;79;9;0.114;9;1.000;9;1.000;9;1.000;9;1.000
02/10/2019;B4 Bank;Organic;2741;483;0.176;439;0.909;423;0.876;412;0.853;400;0.828
02/10/2019;B4 Bank;Tracked channels (UTM);257;8;0.031;7;0.875;7;0.875;7;0.875;7;0.875
02/10/2019;B4 Bank;Third-party referrers;4070;331;0.081;221;0.668;176;0.532;154;0.465;134;0.405
02/10/2019;B4 Bank;Other;144;22;0.153;20;0.909;19;0.864;19;0.864;18;0.818
03/10/2019;B4 Bank;Organic;2361;480;0.203;417;0.869;400;0.833;385;0.802;377;0.785
03/10/2019;B4 Bank;Tracked channels (UTM);483;9;0.019;9;1.000;8;0.889;8;0.889;7;0.778
03/10/2019;B4 Bank;Third-party referrers;3866;316;0.082;212;0.671;175;0.554;154;0.487;133;0.421
03/10/2019;B4 Bank;Other;122;17;0.139;16;0.941;16;0.941;16;0.941;16;0.941
04/10/2019;B4 Bank;Organic;2062;450;0.218;404;0.898;389;0.864;381;0.847;371;0.824
04/10/2019;B4 Bank;Tracked channels (UTM);593;9;0.015;4;0.444;4;0.444;4;0.444;4;0.444
04/10/2019;B4 Bank;Third-party referrers;3389;287;0.085;194;0.676;157;0.547;141;0.491;119;0.415
04/10/2019;B4 Bank;Other;109;13;0.119;13;1.000;12;0.923;12;0.923;12;0.923
05/10/2019;B4 Bank;Organic;2061;405;0.197;370;0.914;359;0.886;348;0.859;342;0.844
05/10/2019;B4 Bank;Tracked channels (UTM);475;10;0.021;7;0.700;6;0.600;6;0.600;5;0.500
05/10/2019;B4 Bank;Third-party referrers;3821;274;0.072;186;0.679;156;0.569;141;0.515;123;0.449
05/10/2019;B4 Bank;Other;103;13;0.126;11;0.846;10;0.769;10;0.769;10;0.769
06/10/2019;B4 Bank;Organic;1867;391;0.209;344;0.880;326;0.834;319;0.816;313;0.801
06/10/2019;B4 Bank;Tracked channels (UTM);408;13;0.032;13;1.000;11;0.846;11;0.846;10;0.769
06/10/2019;B4 Bank;Third-party referrers;5591;439;0.079;305;0.695;248;0.565;209;0.476;182;0.415
06/10/2019;B4 Bank;Other;98;14;0.143;12;0.857;11;0.786;11;0.786;11;0.786
07/10/2019;B4 Bank;Organic;1123;195;0.174;167;0.856;161;0.826;157;0.805;153;0.785
07/10/2019;B4 Bank;Tracked channels (UTM);294;4;0.014;3;0.750;3;0.750;3;0.750;3;0.750
07/10/2019;B4 Bank;Third-party referrers;3006;292;0.097;186;0.637;161;0.551;145;0.497;126;0.432
07/10/2019;B4 Bank;Other;67;10;0.149;10;1.000;8;0.800;8;0.800;8;0.800
08/10/2019;B4 Bank;Organic;1196;191;0.160;171;0.895;163;0.853;156;0.817;151;0.791
08/10/2019;B4 Bank;Tracked channels (UTM);250;7;0.028;5;0.714;5;0.714;3;0.429;3;0.429
08/10/2019;B4 Bank;Third-party referrers;2241;211;0.094;141;0.668;112;0.531;105;0.498;94;0.445
08/10/2019;B4 Bank;Other;67;12;0.179;11;0.917;10;0.833;10;0.833;9;0.750
09/10/2019;B4 Bank;Organic;2148;441;0.205;394;0.893;378;0.857;367;0.832;355;0.805
09/10/2019;B4 Bank;Tracked channels (UTM);727;10;0.014;9;0.900;7;0.700;7;0.700;5;0.500
09/10/2019;B4 Bank;Third-party referrers;4776;355;0.074;239;0.673;201;0.566;172;0.485;148;0.417
09/10/2019;B4 Bank;Other;85;16;0.188;13;0.813;12;0.750;12;0.750;10;0.625
10/10/2019;B4 Bank;Organic;1973;441;0.224;391;0.887;375;0.850;365;0.828;357;0.810
10/10/2019;B4 Bank;Tracked channels (UTM);399;7;0.018;5;0.714;5;0.714;5;0.714;5;0.714
10/10/2019;B4 Bank;Third-party referrers;4564;393;0.086;253;0.644;212;0.539;185;0.471;162;0.412
10/10/2019;B4 Bank;Other;83;14;0.169;13;0.929;13;0.929;12;0.857;12;0.857
11/10/2019;B4 Bank;Organic;1564;394;0.252;343;0.871;327;0.830;320;0.812;313;0.794
11/10/2019;B4 Bank;Tracked channels (UTM);245;8;0.033;6;0.750;6;0.750;6;0.750;5;0.625
11/10/2019;B4 Bank;Third-party referrers;3534;288;0.081;200;0.694;168;0.583;153;0.531;123;0.427
11/10/2019;B4 Bank;Other;79;14;0.177;12;0.857;12;0.857;10;0.714;9;0.643
12/10/2019;B4 Bank;Organic;1547;388;0.251;345;0.889;329;0.848;319;0.822;307;0.791
12/10/2019;B4 Bank;Tracked channels (UTM);205;10;0.049;9;0.900;8;0.800;7;0.700;7;0.700
12/10/2019;B4 Bank;Third-party referrers;3238;294;0.091;208;0.707;166;0.565;149;0.507;128;0.435
12/10/2019;B4 Bank;Other;66;10;0.152;9;0.900;9;0.900;9;0.900;9;0.900
13/10/2019;B4 Bank;Organic;2628;512;0.195;464;0.906;443;0.865;425;0.830;412;0.805
13/10/2019;B4 Bank;Tracked channels (UTM);673;21;0.031;16;0.762;15;0.714;15;0.714;12;0.571
13/10/2019;B4 Bank;Third-party referrers;3021;291;0.096;206;0.708;167;0.574;149;0.512;129;0.443
13/10/2019;B4 Bank;Other;87;10;0.115;9;0.900;9;0.900;9;0.900;9;0.900
14/10/2019;B4 Bank;Organic;4152;382;0.092;340;0.890;323;0.846;314;0.822;303;0.793
14/10/2019;B4 Bank;Tracked channels (UTM);960;14;0.015;13;0.929;11;0.786;10;0.714;7;0.500
14/10/2019;B4 Bank;Third-party referrers;2075;196;0.094;148;0.755;121;0.617;113;0.577;104;0.531
14/10/2019;B4 Bank;Other;68;7;0.103;6;0.857;6;0.857;6;0.857;6;0.857
15/10/2019;B4 Bank;Organic;3148;319;0.101;283;0.887;268;0.840;263;0.824;256;0.803
15/10/2019;B4 Bank;Tracked channels (UTM);544;4;0.007;3;0.750;2;0.500;2;0.500;2;0.500
15/10/2019;B4 Bank;Third-party referrers;1747;156;0.089;101;0.647;77;0.494;72;0.462;64;0.410
16/10/2019;B4 Bank;Organic;6149;618;0.101;571;0.924;545;0.882;537;0.869;527;0.853
16/10/2019;B4 Bank;Tracked channels (UTM);611;13;0.021;11;0.846;10;0.769;10;0.769;10;0.769
16/10/2019;B4 Bank;Third-party referrers;3663;311;0.085;204;0.656;166;0.534;149;0.479;136;0.437
16/10/2019;B4 Bank;Other;74;15;0.203;13;0.867;12;0.800;11;0.733;10;0.667
17/10/2019;B4 Bank;Organic;4388;511;0.116;454;0.888;439;0.859;428;0.838;416;0.814
17/10/2019;B4 Bank;Tracked channels (UTM);503;7;0.014;5;0.714;5;0.714;5;0.714;5;0.714
17/10/2019;B4 Bank;Third-party referrers;3000;246;0.082;172;0.699;133;0.541;118;0.480;105;0.427
18/10/2019;B4 Bank;Organic;3677;505;0.137;459;0.909;443;0.877;434;0.859;417;0.826
18/10/2019;B4 Bank;Tracked channels (UTM);510;7;0.014;5;0.714;5;0.714;5;0.714;5;0.714
18/10/2019;B4 Bank;Third-party referrers;2307;182;0.079;126;0.692;104;0.571;95;0.522;86;0.473
18/10/2019;B4 Bank;Other;56;14;0.250;12;0.857;12;0.857;11;0.786;10;0.714
19/10/2019;B4 Bank;Organic;3352;472;0.141;417;0.883;400;0.847;393;0.833;379;0.803
19/10/2019;B4 Bank;Tracked channels (UTM);584;15;0.026;13;0.867;9;0.600;8;0.533;7;0.467
19/10/2019;B4 Bank;Third-party referrers;2573;239;0.093;155;0.649;134;0.561;129;0.540;115;0.481
19/10/2019;B4 Bank;Other;56;14;0.250;14;1.000;13;0.929;13;0.929;11;0.786
20/10/2019;B4 Bank;Organic;3339;474;0.142;438;0.924;417;0.880;407;0.859;402;0.848
20/10/2019;B4 Bank;Tracked channels (UTM);554;7;0.013;5;0.714;4;0.571;4;0.571;4;0.571
20/10/2019;B4 Bank;Third-party referrers;3291;277;0.084;193;0.697;155;0.560;139;0.502;125;0.451
21/10/2019;B4 Bank;Organic;1811;245;0.135;220;0.898;197;0.804;188;0.767;180;0.735
21/10/2019;B4 Bank;Tracked channels (UTM);644;7;0.011;5;0.714;5;0.714;5;0.714;5;0.714
21/10/2019;B4 Bank;Third-party referrers;1642;161;0.098;107;0.665;84;0.522;80;0.497;70;0.435
21/10/2019;B4 Bank;Other;54;9;0.167;9;1.000;9;1.000;9;1.000;9;1.000
22/10/2019;B4 Bank;Organic;1609;209;0.130;181;0.866;176;0.842;168;0.804;163;0.780
22/10/2019;B4 Bank;Tracked channels (UTM);559;4;0.007;3;0.750;2;0.500;2;0.500;2;0.500
22/10/2019;B4 Bank;Third-party referrers;1250;122;0.098;78;0.639;64;0.525;54;0.443;48;0.393
22/10/2019;B4 Bank;Other;85;10;0.118;10;1.000;10;1.000;10;1.000;10;1.000
23/10/2019;B4 Bank;Organic;2477;423;0.171;382;0.903;361;0.853;350;0.827;331;0.783
23/10/2019;B4 Bank;Tracked channels (UTM);458;12;0.026;11;0.917;11;0.917;11;0.917;11;0.917
23/10/2019;B4 Bank;Third-party referrers;2764;239;0.086;159;0.665;134;0.561;117;0.490;111;0.464
23/10/2019;B4 Bank;Other;116;20;0.172;16;0.800;15;0.750;14;0.700;14;0.700
24/10/2019;B4 Bank;Organic;2570;474;0.184;430;0.907;414;0.873;402;0.848;393;0.829
24/10/2019;B4 Bank;Tracked channels (UTM);460;8;0.017;6;0.750;4;0.500;4;0.500;4;0.500
24/10/2019;B4 Bank;Third-party referrers;2561;210;0.082;145;0.690;126;0.600;116;0.552;94;0.448
24/10/2019;B4 Bank;Other;95;18;0.189;13;0.722;13;0.722;13;0.722;12;0.667
25/10/2019;B4 Bank;Organic;2348;431;0.184;378;0.877;352;0.817;339;0.787;331;0.768
25/10/2019;B4 Bank;Tracked channels (UTM);402;13;0.032;11;0.846;9;0.692;8;0.615;8;0.615
25/10/2019;B4 Bank;Third-party referrers;2824;232;0.082;162;0.698;136;0.586;118;0.509;107;0.461
25/10/2019;B4 Bank;Other;100;12;0.120;11;0.917;11;0.917;11;0.917;11;0.917
26/10/2019;B4 Bank;Organic;2125;385;0.181;338;0.878;314;0.816;305;0.792;296;0.769
26/10/2019;B4 Bank;Tracked channels (UTM);428;12;0.028;8;0.667;8;0.667;7;0.583;7;0.583
26/10/2019;B4 Bank;Third-party referrers;2107;173;0.082;130;0.751;105;0.607;92;0.532;86;0.497
26/10/2019;B4 Bank;Other;96;14;0.146;14;1.000;12;0.857;11;0.786;11;0.786
27/10/2019;B4 Bank;Organic;2069;413;0.200;376;0.910;366;0.886;357;0.864;348;0.843
27/10/2019;B4 Bank;Tracked channels (UTM);296;10;0.034;8;0.800;7;0.700;7;0.700;7;0.700
27/10/2019;B4 Bank;Third-party referrers;2050;178;0.087;111;0.624;84;0.472;78;0.438;72;0.404
27/10/2019;B4 Bank;Other;77;9;0.117;8;0.889;8;0.889;8;0.889;8;0.889
28/10/2019;B4 Bank;Organic;1532;270;0.176;240;0.889;220;0.815;208;0.770;195;0.722
28/10/2019;B4 Bank;Tracked channels (UTM);314;15;0.048;10;0.667;8;0.533;8;0.533;6;0.400
28/10/2019;B4 Bank;Third-party referrers;1590;148;0.093;108;0.730;86;0.581;78;0.527;71;0.480
28/10/2019;B4 Bank;Other;64;12;0.188;11;0.917;10;0.833;9;0.750;9;0.750
29/10/2019;B4 Bank;Organic;1326;258;0.195;207;0.802;193;0.748;184;0.713;175;0.678
29/10/2019;B4 Bank;Tracked channels (UTM);268;11;0.041;8;0.727;5;0.455;4;0.364;4;0.364
29/10/2019;B4 Bank;Third-party referrers;1102;115;0.104;76;0.661;69;0.600;64;0.557;55;0.478
29/10/2019;B4 Bank;Other;55;12;0.218;7;0.583;6;0.500;6;0.500;6;0.500
30/10/2019;B4 Bank;Organic;2457;545;0.222;437;0.802;402;0.738;386;0.708;374;0.686
30/10/2019;B4 Bank;Tracked channels (UTM);207;15;0.072;8;0.533;6;0.400;6;0.400;6;0.400
30/10/2019;B4 Bank;Third-party referrers;2625;207;0.079;123;0.594;104;0.502;96;0.464;83;0.401
30/10/2019;B4 Bank;Other;96;18;0.188;14;0.778;13;0.722;12;0.667;12;0.667
